<?xml version='1.0' encoding='UTF-8'?><Capabilities version="1.0.0" xmlns:ows="http://www.opengis.net/ows/1.1" xmlns:xlink="http://www.w3.org/1999/xlink" xmlns:xsi="http://www.w3.org/2001/XMLSchema-instance" xmlns="http://www.opengis.net/wmts/1.0" xmlns:gml="http://www.opengis.net/gml" xsi:schemaLocation="http://www.opengis.net/wmts/1.0 http://10.253.110.20:6160/igs/rest/ogc/schemas/wmts/1.0/wmtsGetCapabilities_response.xsd"><ows:ServiceIdentification><ows:Title>SZMAP_ZW_2024_Q2_4490</ows:Title><ows:Abstract>Web Map Tile Service maintained by ZondyCyber Inc.</ows:Abstract><ows:Keywords><ows:Keyword>WMTS</ows:Keyword><ows:Keyword>MapGIS</ows:Keyword><ows:Keyword>ZondyCyber</ows:Keyword><ows:Keyword>IGServer</ows:Keyword></ows:Keywords><ows:ServiceType>WMTS</ows:ServiceType><ows:ServiceTypeVersion>1.0.0</ows:ServiceTypeVersion><ows:Fees>NONE</ows:Fees><ows:AccessConstraints>NONE</ows:AccessConstraints></ows:ServiceIdentification><ows:ServiceProvider><ows:ProviderName>Zondy Cyber Corp.</ows:ProviderName><ows:ProviderSite xlink:href="http://www.mapgis.com.cn"/><ows:ServiceContact><ows:IndividualName>深圳市空间地理信息中心</ows:IndividualName><ows:PositionName>集团董事长</ows:PositionName><ows:ContactInfo><ows:Phone><ows:Voice>027-87785588</ows:Voice><ows:Facsimile>027-87785588</ows:Facsimile></ows:Phone><ows:Address><ows:DeliveryPoint>深圳市福田区红荔西路8007号</ows:DeliveryPoint><ows:City>深圳市福田区红荔西路8007号</ows:City><ows:AdministrativeArea>China</ows:AdministrativeArea><ows:PostalCode>430074</ows:PostalCode><ows:Country>China</ows:Country><ows:ElectronicMailAddress>mapgis@public.wh.hb.cn</ows:ElectronicMailAddress></ows:Address></ows:ContactInfo></ows:ServiceContact></ows:ServiceProvider><ows:OperationsMetadata><ows:Operation name ="GetCapabilities"><ows:DCP><ows:HTTP><ows:Get xlink:href="http://10.253.110.20:6160/igs/rest/services/SZMAP_ZW_2024_Q2_4490/WMTSServer?"><ows:Constraint name="GetEncoding"><ows:AllowedValues><ows:Value>KVP</ows:Value></ows:AllowedValues></ows:Constraint></ows:Get></ows:HTTP></ows:DCP></ows:Operation><ows:Operation name ="GetTile"><ows:DCP><ows:HTTP><ows:Get xlink:href="http://10.253.110.20:6160/igs/rest/services/SZMAP_ZW_2024_Q2_4490/WMTSServer?"><ows:Constraint name="GetEncoding"><ows:AllowedValues><ows:Value>KVP</ows:Value></ows:AllowedValues></ows:Constraint></ows:Get></ows:HTTP></ows:DCP></ows:Operation><ows:Operation name ="GetFeatureInfo"><ows:DCP><ows:HTTP><ows:Get xlink:href="http://10.253.110.20:6160/igs/rest/services/SZMAP_ZW_2024_Q2_4490/WMTSServer?"><ows:Constraint name="GetEncoding"><ows:AllowedValues><ows:Value>KVP</ows:Value></ows:AllowedValues></ows:Constraint></ows:Get></ows:HTTP></ows:DCP></ows:Operation></ows:OperationsMetadata><Contents><Layer><ows:Title>SZMAP_ZW_2024_Q2_4490</ows:Title><ows:Identifier>SZMAP_ZW_2024_Q2_4490</ows:Identifier><ows:BoundingBox crs="urn:ogc:def:crs:EPSG::4490"><ows:LowerCorner>20.211324999766504 108.8817860929267</ows:LowerCorner><ows:UpperCorner>25.619389912986893 118.07160899376863</ows:UpperCorner></ows:BoundingBox><ows:WGS84BoundingBox crs="urn:ogc:def:crs:OGC:2:84"><ows:LowerCorner>108.8817860929267 20.211324999766504</ows:LowerCorner><ows:UpperCorner>118.07160899376863 25.619389912986893</ows:UpperCorner></ows:WGS84BoundingBox><Style isDefault="true"><ows:Title>Default</ows:Title><ows:Identifier>default</ows:Identifier></Style><Format>image/png</Format><InfoFormat>text/plain</InfoFormat><InfoFormat>text/html</InfoFormat><InfoFormat>application/vnd.ogc.gml</InfoFormat><TileMatrixSetLink><TileMatrixSet>EPSG:4490_SZMAP_ZW_2024_Q2_44901_028mm_GB</TileMatrixSet><TileMatrixSetLimits><TileMatrixLimits><TileMatrix>EPSG:4490_SZMAP_ZW_2024_Q2_44901_028mm_GB:0</TileMatrix><MinTileRow>0</MinTileRow><MaxTileRow>11</MaxTileRow><MinTileCol>0</MinTileCol><MaxTileCol>18</MaxTileCol></TileMatrixLimits><TileMatrixLimits><TileMatrix>EPSG:4490_SZMAP_ZW_2024_Q2_44901_028mm_GB:1</TileMatrix><MinTileRow>0</MinTileRow><MaxTileRow>22</MaxTileRow><MinTileCol>0</MinTileCol><MaxTileCol>37</MaxTileCol></TileMatrixLimits><TileMatrixLimits><TileMatrix>EPSG:4490_SZMAP_ZW_2024_Q2_44901_028mm_GB:2</TileMatrix><MinTileRow>0</MinTileRow><MaxTileRow>29</MaxTileRow><MinTileCol>0</MinTileCol><MaxTileCol>50</MaxTileCol></TileMatrixLimits><TileMatrixLimits><TileMatrix>EPSG:4490_SZMAP_ZW_2024_Q2_44901_028mm_GB:3</TileMatrix><MinTileRow>0</MinTileRow><MaxTileRow>44</MaxTileRow><MinTileCol>0</MinTileCol><MaxTileCol>75</MaxTileCol></TileMatrixLimits><TileMatrixLimits><TileMatrix>EPSG:4490_SZMAP_ZW_2024_Q2_44901_028mm_GB:4</TileMatrix><MinTileRow>0</MinTileRow><MaxTileRow>88</MaxTileRow><MinTileCol>0</MinTileCol><MaxTileCol>151</MaxTileCol></TileMatrixLimits><TileMatrixLimits><TileMatrix>EPSG:4490_SZMAP_ZW_2024_Q2_44901_028mm_GB:5</TileMatrix><MinTileRow>0</MinTileRow><MaxTileRow>222</MaxTileRow><MinTileCol>0</MinTileCol><MaxTileCol>377</MaxTileCol></TileMatrixLimits><TileMatrixLimits><TileMatrix>EPSG:4490_SZMAP_ZW_2024_Q2_44901_028mm_GB:6</TileMatrix><MinTileRow>0</MinTileRow><MaxTileRow>444</MaxTileRow><MinTileCol>0</MinTileCol><MaxTileCol>755</MaxTileCol></TileMatrixLimits><TileMatrixLimits><TileMatrix>EPSG:4490_SZMAP_ZW_2024_Q2_44901_028mm_GB:7</TileMatrix><MinTileRow>0</MinTileRow><MaxTileRow>888</MaxTileRow><MinTileCol>0</MinTileCol><MaxTileCol>1510</MaxTileCol></TileMatrixLimits><TileMatrixLimits><TileMatrix>EPSG:4490_SZMAP_ZW_2024_Q2_44901_028mm_GB:8</TileMatrix><MinTileRow>0</MinTileRow><MaxTileRow>2222</MaxTileRow><MinTileCol>0</MinTileCol><MaxTileCol>3775</MaxTileCol></TileMatrixLimits><TileMatrixLimits><TileMatrix>EPSG:4490_SZMAP_ZW_2024_Q2_44901_028mm_GB:9</TileMatrix><MinTileRow>0</MinTileRow><MaxTileRow>4444</MaxTileRow><MinTileCol>0</MinTileCol><MaxTileCol>7551</MaxTileCol></TileMatrixLimits><TileMatrixLimits><TileMatrix>EPSG:4490_SZMAP_ZW_2024_Q2_44901_028mm_GB:10</TileMatrix><MinTileRow>0</MinTileRow><MaxTileRow>8888</MaxTileRow><MinTileCol>0</MinTileCol><MaxTileCol>15103</MaxTileCol></TileMatrixLimits></TileMatrixSetLimits></TileMatrixSetLink><TileMatrixSetLink><TileMatrixSet>EPSG:4490_SZMAP_ZW_2024_Q2_44901_dpi96_GB</TileMatrixSet><TileMatrixSetLimits><TileMatrixLimits><TileMatrix>EPSG:4490_SZMAP_ZW_2024_Q2_44901_dpi96_GB:0</TileMatrix><MinTileRow>0</MinTileRow><MaxTileRow>11</MaxTileRow><MinTileCol>0</MinTileCol><MaxTileCol>18</MaxTileCol></TileMatrixLimits><TileMatrixLimits><TileMatrix>EPSG:4490_SZMAP_ZW_2024_Q2_44901_dpi96_GB:1</TileMatrix><MinTileRow>0</MinTileRow><MaxTileRow>22</MaxTileRow><MinTileCol>0</MinTileCol><MaxTileCol>37</MaxTileCol></TileMatrixLimits><TileMatrixLimits><TileMatrix>EPSG:4490_SZMAP_ZW_2024_Q2_44901_dpi96_GB:2</TileMatrix><MinTileRow>0</MinTileRow><MaxTileRow>29</MaxTileRow><MinTileCol>0</MinTileCol><MaxTileCol>50</MaxTileCol></TileMatrixLimits><TileMatrixLimits><TileMatrix>EPSG:4490_SZMAP_ZW_2024_Q2_44901_dpi96_GB:3</TileMatrix><MinTileRow>0</MinTileRow><MaxTileRow>44</MaxTileRow><MinTileCol>0</MinTileCol><MaxTileCol>75</MaxTileCol></TileMatrixLimits><TileMatrixLimits><TileMatrix>EPSG:4490_SZMAP_ZW_2024_Q2_44901_dpi96_GB:4</TileMatrix><MinTileRow>0</MinTileRow><MaxTileRow>88</MaxTileRow><MinTileCol>0</MinTileCol><MaxTileCol>151</MaxTileCol></TileMatrixLimits><TileMatrixLimits><TileMatrix>EPSG:4490_SZMAP_ZW_2024_Q2_44901_dpi96_GB:5</TileMatrix><MinTileRow>0</MinTileRow><MaxTileRow>222</MaxTileRow><MinTileCol>0</MinTileCol><MaxTileCol>377</MaxTileCol></TileMatrixLimits><TileMatrixLimits><TileMatrix>EPSG:4490_SZMAP_ZW_2024_Q2_44901_dpi96_GB:6</TileMatrix><MinTileRow>0</MinTileRow><MaxTileRow>444</MaxTileRow><MinTileCol>0</MinTileCol><MaxTileCol>755</MaxTileCol></TileMatrixLimits><TileMatrixLimits><TileMatrix>EPSG:4490_SZMAP_ZW_2024_Q2_44901_dpi96_GB:7</TileMatrix><MinTileRow>0</MinTileRow><MaxTileRow>888</MaxTileRow><MinTileCol>0</MinTileCol><MaxTileCol>1510</MaxTileCol></TileMatrixLimits><TileMatrixLimits><TileMatrix>EPSG:4490_SZMAP_ZW_2024_Q2_44901_dpi96_GB:8</TileMatrix><MinTileRow>0</MinTileRow><MaxTileRow>2222</MaxTileRow><MinTileCol>0</MinTileCol><MaxTileCol>3775</MaxTileCol></TileMatrixLimits><TileMatrixLimits><TileMatrix>EPSG:4490_SZMAP_ZW_2024_Q2_44901_dpi96_GB:9</TileMatrix><MinTileRow>0</MinTileRow><MaxTileRow>4444</MaxTileRow><MinTileCol>0</MinTileCol><MaxTileCol>7551</MaxTileCol></TileMatrixLimits><TileMatrixLimits><TileMatrix>EPSG:4490_SZMAP_ZW_2024_Q2_44901_dpi96_GB:10</TileMatrix><MinTileRow>0</MinTileRow><MaxTileRow>8888</MaxTileRow><MinTileCol>0</MinTileCol><MaxTileCol>15103</MaxTileCol></TileMatrixLimits></TileMatrixSetLimits></TileMatrixSetLink><TileMatrixSetLink><TileMatrixSet>EPSG:4490_SZMAP_ZW_2024_Q2_44901_arcgis_GB</TileMatrixSet><TileMatrixSetLimits><TileMatrixLimits><TileMatrix>EPSG:4490_SZMAP_ZW_2024_Q2_44901_arcgis_GB:0</TileMatrix><MinTileRow>0</MinTileRow><MaxTileRow>11</MaxTileRow><MinTileCol>0</MinTileCol><MaxTileCol>18</MaxTileCol></TileMatrixLimits><TileMatrixLimits><TileMatrix>EPSG:4490_SZMAP_ZW_2024_Q2_44901_arcgis_GB:1</TileMatrix><MinTileRow>0</MinTileRow><MaxTileRow>22</MaxTileRow><MinTileCol>0</MinTileCol><MaxTileCol>37</MaxTileCol></TileMatrixLimits><TileMatrixLimits><TileMatrix>EPSG:4490_SZMAP_ZW_2024_Q2_44901_arcgis_GB:2</TileMatrix><MinTileRow>0</MinTileRow><MaxTileRow>29</MaxTileRow><MinTileCol>0</MinTileCol><MaxTileCol>50</MaxTileCol></TileMatrixLimits><TileMatrixLimits><TileMatrix>EPSG:4490_SZMAP_ZW_2024_Q2_44901_arcgis_GB:3</TileMatrix><MinTileRow>0</MinTileRow><MaxTileRow>44</MaxTileRow><MinTileCol>0</MinTileCol><MaxTileCol>75</MaxTileCol></TileMatrixLimits><TileMatrixLimits><TileMatrix>EPSG:4490_SZMAP_ZW_2024_Q2_44901_arcgis_GB:4</TileMatrix><MinTileRow>0</MinTileRow><MaxTileRow>88</MaxTileRow><MinTileCol>0</MinTileCol><MaxTileCol>151</MaxTileCol></TileMatrixLimits><TileMatrixLimits><TileMatrix>EPSG:4490_SZMAP_ZW_2024_Q2_44901_arcgis_GB:5</TileMatrix><MinTileRow>0</MinTileRow><MaxTileRow>222</MaxTileRow><MinTileCol>0</MinTileCol><MaxTileCol>377</MaxTileCol></TileMatrixLimits><TileMatrixLimits><TileMatrix>EPSG:4490_SZMAP_ZW_2024_Q2_44901_arcgis_GB:6</TileMatrix><MinTileRow>0</MinTileRow><MaxTileRow>444</MaxTileRow><MinTileCol>0</MinTileCol><MaxTileCol>755</MaxTileCol></TileMatrixLimits><TileMatrixLimits><TileMatrix>EPSG:4490_SZMAP_ZW_2024_Q2_44901_arcgis_GB:7</TileMatrix><MinTileRow>0</MinTileRow><MaxTileRow>888</MaxTileRow><MinTileCol>0</MinTileCol><MaxTileCol>1510</MaxTileCol></TileMatrixLimits><TileMatrixLimits><TileMatrix>EPSG:4490_SZMAP_ZW_2024_Q2_44901_arcgis_GB:8</TileMatrix><MinTileRow>0</MinTileRow><MaxTileRow>2222</MaxTileRow><MinTileCol>0</MinTileCol><MaxTileCol>3775</MaxTileCol></TileMatrixLimits><TileMatrixLimits><TileMatrix>EPSG:4490_SZMAP_ZW_2024_Q2_44901_arcgis_GB:9</TileMatrix><MinTileRow>0</MinTileRow><MaxTileRow>4444</MaxTileRow><MinTileCol>0</MinTileCol><MaxTileCol>7551</MaxTileCol></TileMatrixLimits><TileMatrixLimits><TileMatrix>EPSG:4490_SZMAP_ZW_2024_Q2_44901_arcgis_GB:10</TileMatrix><MinTileRow>0</MinTileRow><MaxTileRow>8888</MaxTileRow><MinTileCol>0</MinTileCol><MaxTileCol>15103</MaxTileCol></TileMatrixLimits></TileMatrixSetLimits></TileMatrixSetLink><ResourceURL resourceType="tile" format="image/png" template="http://10.253.110.20:6160/igs/rest/services/SZMAP_ZW_2024_Q2_4490/WMTSServer/1.0.0/SZMAP_ZW_2024_Q2_4490/{Style}/{TileMatrixSet}/{TileMatrix}/{TileRow}/{TileCol}.png"/></Layer><TileMatrixSet><ows:Title>采用0.28mm的瓦片块阵集</ows:Title><ows:Abstract>该块阵集使用OGC官方标准，计算方式为1个像素0.28mm（90.71DPI）</ows:Abstract><ows:Identifier>EPSG:4490_SZMAP_ZW_2024_Q2_44901_028mm_GB</ows:Identifier><ows:SupportedCRS>urn:ogc:def:crs:EPSG::4490</ows:SupportedCRS><TileMatrix><ows:Identifier>EPSG:4490_SZMAP_ZW_2024_Q2_44901_028mm_GB:0</ows:Identifier><ScaleDenominator>377976.190476189</ScaleDenominator><TopLeftCorner>25.619389912986893 108.8817860929267</TopLeftCorner><TileWidth>512</TileWidth><TileHeight>512</TileHeight><MatrixWidth>19</MatrixWidth><MatrixHeight>12</MatrixHeight></TileMatrix><TileMatrix><ows:Identifier>EPSG:4490_SZMAP_ZW_2024_Q2_44901_028mm_GB:1</ows:Identifier><ScaleDenominator>188988.0952380945</ScaleDenominator><TopLeftCorner>25.619389912986893 108.8817860929267</TopLeftCorner><TileWidth>512</TileWidth><TileHeight>512</TileHeight><MatrixWidth>38</MatrixWidth><MatrixHeight>23</MatrixHeight></TileMatrix><TileMatrix><ows:Identifier>EPSG:4490_SZMAP_ZW_2024_Q2_44901_028mm_GB:2</ows:Identifier><ScaleDenominator>141741.07142857087</ScaleDenominator><TopLeftCorner>25.619389912986893 108.8817860929267</TopLeftCorner><TileWidth>512</TileWidth><TileHeight>512</TileHeight><MatrixWidth>51</MatrixWidth><MatrixHeight>30</MatrixHeight></TileMatrix><TileMatrix><ows:Identifier>EPSG:4490_SZMAP_ZW_2024_Q2_44901_028mm_GB:3</ows:Identifier><ScaleDenominator>94494.04761904725</ScaleDenominator><TopLeftCorner>25.619389912986893 108.8817860929267</TopLeftCorner><TileWidth>512</TileWidth><TileHeight>512</TileHeight><MatrixWidth>76</MatrixWidth><MatrixHeight>45</MatrixHeight></TileMatrix><TileMatrix><ows:Identifier>EPSG:4490_SZMAP_ZW_2024_Q2_44901_028mm_GB:4</ows:Identifier><ScaleDenominator>47247.02380952363</ScaleDenominator><TopLeftCorner>25.619389912986893 108.8817860929267</TopLeftCorner><TileWidth>512</TileWidth><TileHeight>512</TileHeight><MatrixWidth>152</MatrixWidth><MatrixHeight>89</MatrixHeight></TileMatrix><TileMatrix><ows:Identifier>EPSG:4490_SZMAP_ZW_2024_Q2_44901_028mm_GB:5</ows:Identifier><ScaleDenominator>18898.80952380945</ScaleDenominator><TopLeftCorner>25.619389912986893 108.8817860929267</TopLeftCorner><TileWidth>512</TileWidth><TileHeight>512</TileHeight><MatrixWidth>378</MatrixWidth><MatrixHeight>223</MatrixHeight></TileMatrix><TileMatrix><ows:Identifier>EPSG:4490_SZMAP_ZW_2024_Q2_44901_028mm_GB:6</ows:Identifier><ScaleDenominator>9449.404761904725</ScaleDenominator><TopLeftCorner>25.619389912986893 108.8817860929267</TopLeftCorner><TileWidth>512</TileWidth><TileHeight>512</TileHeight><MatrixWidth>756</MatrixWidth><MatrixHeight>445</MatrixHeight></TileMatrix><TileMatrix><ows:Identifier>EPSG:4490_SZMAP_ZW_2024_Q2_44901_028mm_GB:7</ows:Identifier><ScaleDenominator>4724.702380952363</ScaleDenominator><TopLeftCorner>25.619389912986893 108.8817860929267</TopLeftCorner><TileWidth>512</TileWidth><TileHeight>512</TileHeight><MatrixWidth>1511</MatrixWidth><MatrixHeight>889</MatrixHeight></TileMatrix><TileMatrix><ows:Identifier>EPSG:4490_SZMAP_ZW_2024_Q2_44901_028mm_GB:8</ows:Identifier><ScaleDenominator>1889.8809523809452</ScaleDenominator><TopLeftCorner>25.619389912986893 108.8817860929267</TopLeftCorner><TileWidth>512</TileWidth><TileHeight>512</TileHeight><MatrixWidth>3776</MatrixWidth><MatrixHeight>2223</MatrixHeight></TileMatrix><TileMatrix><ows:Identifier>EPSG:4490_SZMAP_ZW_2024_Q2_44901_028mm_GB:9</ows:Identifier><ScaleDenominator>944.9404761904726</ScaleDenominator><TopLeftCorner>25.619389912986893 108.8817860929267</TopLeftCorner><TileWidth>512</TileWidth><TileHeight>512</TileHeight><MatrixWidth>7552</MatrixWidth><MatrixHeight>4445</MatrixHeight></TileMatrix><TileMatrix><ows:Identifier>EPSG:4490_SZMAP_ZW_2024_Q2_44901_028mm_GB:10</ows:Identifier><ScaleDenominator>472.4702380952363</ScaleDenominator><TopLeftCorner>25.619389912986893 108.8817860929267</TopLeftCorner><TileWidth>512</TileWidth><TileHeight>512</TileHeight><MatrixWidth>15104</MatrixWidth><MatrixHeight>8889</MatrixHeight></TileMatrix></TileMatrixSet><TileMatrixSet><ows:Title>采用arcgis计算方式的瓦片块阵集</ows:Title><ows:Abstract>该块阵集使用arcgis标准计算的比例尺</ows:Abstract><ows:Identifier>EPSG:4490_SZMAP_ZW_2024_Q2_44901_arcgis_GB</ows:Identifier><ows:SupportedCRS>urn:ogc:def:crs:EPSG::4490</ows:SupportedCRS><TileMatrix><ows:Identifier>EPSG:4490_SZMAP_ZW_2024_Q2_44901_arcgis_GB:0</ows:Identifier><ScaleDenominator>377553.0583491805</ScaleDenominator><TopLeftCorner>25.619389912986893 108.8817860929267</TopLeftCorner><TileWidth>512</TileWidth><TileHeight>512</TileHeight><MatrixWidth>19</MatrixWidth><MatrixHeight>12</MatrixHeight></TileMatrix><TileMatrix><ows:Identifier>EPSG:4490_SZMAP_ZW_2024_Q2_44901_arcgis_GB:1</ows:Identifier><ScaleDenominator>188776.52917459025</ScaleDenominator><TopLeftCorner>25.619389912986893 108.8817860929267</TopLeftCorner><TileWidth>512</TileWidth><TileHeight>512</TileHeight><MatrixWidth>38</MatrixWidth><MatrixHeight>23</MatrixHeight></TileMatrix><TileMatrix><ows:Identifier>EPSG:4490_SZMAP_ZW_2024_Q2_44901_arcgis_GB:2</ows:Identifier><ScaleDenominator>141582.39688094266</ScaleDenominator><TopLeftCorner>25.619389912986893 108.8817860929267</TopLeftCorner><TileWidth>512</TileWidth><TileHeight>512</TileHeight><MatrixWidth>51</MatrixWidth><MatrixHeight>30</MatrixHeight></TileMatrix><TileMatrix><ows:Identifier>EPSG:4490_SZMAP_ZW_2024_Q2_44901_arcgis_GB:3</ows:Identifier><ScaleDenominator>94388.26458729513</ScaleDenominator><TopLeftCorner>25.619389912986893 108.8817860929267</TopLeftCorner><TileWidth>512</TileWidth><TileHeight>512</TileHeight><MatrixWidth>76</MatrixWidth><MatrixHeight>45</MatrixHeight></TileMatrix><TileMatrix><ows:Identifier>EPSG:4490_SZMAP_ZW_2024_Q2_44901_arcgis_GB:4</ows:Identifier><ScaleDenominator>47194.13229364756</ScaleDenominator><TopLeftCorner>25.619389912986893 108.8817860929267</TopLeftCorner><TileWidth>512</TileWidth><TileHeight>512</TileHeight><MatrixWidth>152</MatrixWidth><MatrixHeight>89</MatrixHeight></TileMatrix><TileMatrix><ows:Identifier>EPSG:4490_SZMAP_ZW_2024_Q2_44901_arcgis_GB:5</ows:Identifier><ScaleDenominator>18877.65291745902</ScaleDenominator><TopLeftCorner>25.619389912986893 108.8817860929267</TopLeftCorner><TileWidth>512</TileWidth><TileHeight>512</TileHeight><MatrixWidth>378</MatrixWidth><MatrixHeight>223</MatrixHeight></TileMatrix><TileMatrix><ows:Identifier>EPSG:4490_SZMAP_ZW_2024_Q2_44901_arcgis_GB:6</ows:Identifier><ScaleDenominator>9438.82645872951</ScaleDenominator><TopLeftCorner>25.619389912986893 108.8817860929267</TopLeftCorner><TileWidth>512</TileWidth><TileHeight>512</TileHeight><MatrixWidth>756</MatrixWidth><MatrixHeight>445</MatrixHeight></TileMatrix><TileMatrix><ows:Identifier>EPSG:4490_SZMAP_ZW_2024_Q2_44901_arcgis_GB:7</ows:Identifier><ScaleDenominator>4719.413229364755</ScaleDenominator><TopLeftCorner>25.619389912986893 108.8817860929267</TopLeftCorner><TileWidth>512</TileWidth><TileHeight>512</TileHeight><MatrixWidth>1511</MatrixWidth><MatrixHeight>889</MatrixHeight></TileMatrix><TileMatrix><ows:Identifier>EPSG:4490_SZMAP_ZW_2024_Q2_44901_arcgis_GB:8</ows:Identifier><ScaleDenominator>1887.7652917459022</ScaleDenominator><TopLeftCorner>25.619389912986893 108.8817860929267</TopLeftCorner><TileWidth>512</TileWidth><TileHeight>512</TileHeight><MatrixWidth>3776</MatrixWidth><MatrixHeight>2223</MatrixHeight></TileMatrix><TileMatrix><ows:Identifier>EPSG:4490_SZMAP_ZW_2024_Q2_44901_arcgis_GB:9</ows:Identifier><ScaleDenominator>943.8826458729511</ScaleDenominator><TopLeftCorner>25.619389912986893 108.8817860929267</TopLeftCorner><TileWidth>512</TileWidth><TileHeight>512</TileHeight><MatrixWidth>7552</MatrixWidth><MatrixHeight>4445</MatrixHeight></TileMatrix><TileMatrix><ows:Identifier>EPSG:4490_SZMAP_ZW_2024_Q2_44901_arcgis_GB:10</ows:Identifier><ScaleDenominator>471.94132293647556</ScaleDenominator><TopLeftCorner>25.619389912986893 108.8817860929267</TopLeftCorner><TileWidth>512</TileWidth><TileHeight>512</TileHeight><MatrixWidth>15104</MatrixWidth><MatrixHeight>8889</MatrixHeight></TileMatrix></TileMatrixSet><TileMatrixSet><ows:Title>采用DPI96的瓦片块阵集</ows:Title><ows:Abstract>该块阵集使用MapGIS标准，计算方式为96DPI</ows:Abstract><ows:Identifier>EPSG:4490_SZMAP_ZW_2024_Q2_44901_dpi96_GB</ows:Identifier><ows:SupportedCRS>urn:ogc:def:crs:EPSG::4490</ows:SupportedCRS><TileMatrix><ows:Identifier>EPSG:4490_SZMAP_ZW_2024_Q2_44901_dpi96_GB:0</ows:Identifier><ScaleDenominator>400000.0</ScaleDenominator><TopLeftCorner>25.619389912986893 108.8817860929267</TopLeftCorner><TileWidth>512</TileWidth><TileHeight>512</TileHeight><MatrixWidth>19</MatrixWidth><MatrixHeight>12</MatrixHeight></TileMatrix><TileMatrix><ows:Identifier>EPSG:4490_SZMAP_ZW_2024_Q2_44901_dpi96_GB:1</ows:Identifier><ScaleDenominator>200000.0</ScaleDenominator><TopLeftCorner>25.619389912986893 108.8817860929267</TopLeftCorner><TileWidth>512</TileWidth><TileHeight>512</TileHeight><MatrixWidth>38</MatrixWidth><MatrixHeight>23</MatrixHeight></TileMatrix><TileMatrix><ows:Identifier>EPSG:4490_SZMAP_ZW_2024_Q2_44901_dpi96_GB:2</ows:Identifier><ScaleDenominator>150000.0</ScaleDenominator><TopLeftCorner>25.619389912986893 108.8817860929267</TopLeftCorner><TileWidth>512</TileWidth><TileHeight>512</TileHeight><MatrixWidth>51</MatrixWidth><MatrixHeight>30</MatrixHeight></TileMatrix><TileMatrix><ows:Identifier>EPSG:4490_SZMAP_ZW_2024_Q2_44901_dpi96_GB:3</ows:Identifier><ScaleDenominator>100000.0</ScaleDenominator><TopLeftCorner>25.619389912986893 108.8817860929267</TopLeftCorner><TileWidth>512</TileWidth><TileHeight>512</TileHeight><MatrixWidth>76</MatrixWidth><MatrixHeight>45</MatrixHeight></TileMatrix><TileMatrix><ows:Identifier>EPSG:4490_SZMAP_ZW_2024_Q2_44901_dpi96_GB:4</ows:Identifier><ScaleDenominator>50000.0</ScaleDenominator><TopLeftCorner>25.619389912986893 108.8817860929267</TopLeftCorner><TileWidth>512</TileWidth><TileHeight>512</TileHeight><MatrixWidth>152</MatrixWidth><MatrixHeight>89</MatrixHeight></TileMatrix><TileMatrix><ows:Identifier>EPSG:4490_SZMAP_ZW_2024_Q2_44901_dpi96_GB:5</ows:Identifier><ScaleDenominator>20000.0</ScaleDenominator><TopLeftCorner>25.619389912986893 108.8817860929267</TopLeftCorner><TileWidth>512</TileWidth><TileHeight>512</TileHeight><MatrixWidth>378</MatrixWidth><MatrixHeight>223</MatrixHeight></TileMatrix><TileMatrix><ows:Identifier>EPSG:4490_SZMAP_ZW_2024_Q2_44901_dpi96_GB:6</ows:Identifier><ScaleDenominator>10000.0</ScaleDenominator><TopLeftCorner>25.619389912986893 108.8817860929267</TopLeftCorner><TileWidth>512</TileWidth><TileHeight>512</TileHeight><MatrixWidth>756</MatrixWidth><MatrixHeight>445</MatrixHeight></TileMatrix><TileMatrix><ows:Identifier>EPSG:4490_SZMAP_ZW_2024_Q2_44901_dpi96_GB:7</ows:Identifier><ScaleDenominator>5000.0</ScaleDenominator><TopLeftCorner>25.619389912986893 108.8817860929267</TopLeftCorner><TileWidth>512</TileWidth><TileHeight>512</TileHeight><MatrixWidth>1511</MatrixWidth><MatrixHeight>889</MatrixHeight></TileMatrix><TileMatrix><ows:Identifier>EPSG:4490_SZMAP_ZW_2024_Q2_44901_dpi96_GB:8</ows:Identifier><ScaleDenominator>2000.0</ScaleDenominator><TopLeftCorner>25.619389912986893 108.8817860929267</TopLeftCorner><TileWidth>512</TileWidth><TileHeight>512</TileHeight><MatrixWidth>3776</MatrixWidth><MatrixHeight>2223</MatrixHeight></TileMatrix><TileMatrix><ows:Identifier>EPSG:4490_SZMAP_ZW_2024_Q2_44901_dpi96_GB:9</ows:Identifier><ScaleDenominator>1000.0</ScaleDenominator><TopLeftCorner>25.619389912986893 108.8817860929267</TopLeftCorner><TileWidth>512</TileWidth><TileHeight>512</TileHeight><MatrixWidth>7552</MatrixWidth><MatrixHeight>4445</MatrixHeight></TileMatrix><TileMatrix><ows:Identifier>EPSG:4490_SZMAP_ZW_2024_Q2_44901_dpi96_GB:10</ows:Identifier><ScaleDenominator>500.0</ScaleDenominator><TopLeftCorner>25.619389912986893 108.8817860929267</TopLeftCorner><TileWidth>512</TileWidth><TileHeight>512</TileHeight><MatrixWidth>15104</MatrixWidth><MatrixHeight>8889</MatrixHeight></TileMatrix></TileMatrixSet></Contents></Capabilities>